<?xml version="1.0" encoding="UTF-8"?>
<project-private xmlns="http://www.netbeans.org/ns/project-private/1">
    <editor-bookmarks xmlns="http://www.netbeans.org/ns/editor-bookmarks/2" lastBookmarkId="0"/>
    <open-files xmlns="http://www.netbeans.org/ns/projectui-open-files/2">
        <group>
            <file>file:/home/varun/Desktop/Github/Remote-Control-PC/RemoteControlPC-JavaFXML/src/filesharing/ReceiveFile.java</file>
            <file>file:/home/varun/Desktop/Github/Remote-Control-PC/RemoteControlPC-JavaFXML/manifest.mf</file>
            <file>file:/home/varun/Desktop/Github/Remote-Control-PC/RemoteControlPC-JavaFXML/src/remotecontrolpc/Server.java</file>
            <file>file:/home/varun/Desktop/Github/Remote-Control-PC/RemoteControlPC-JavaFXML/src/layout/FileOrFolderController.java</file>
            <file>file:/home/varun/Desktop/Github/Remote-Control-PC/RemoteControlPC-JavaFXML/src/remotecontrolpc/ClientToAndroid.java</file>
            <file>file:/home/varun/Desktop/Github/Remote-Control-PC/RemoteControlPC-JavaFXML/src/remotecontrolpc/MainScreenController.java</file>
            <file>file:/home/varun/Desktop/Github/Remote-Control-PC/RemoteControlPC-JavaFXML/build.xml</file>
        </group>
    </open-files>
</project-private>
